match_id,match_date,kick_off,home_score,away_score,match_status,match_status_360,last_updated,last_updated_360,match_week,competition_id,competition_country_name,competition_name,competition,season_id,season,home_team_id,home_team,home_team_gender,home_team_group,home_team_country_id,home_team_country_name,away_team_id,away_team,away_team_gender,away_team_group,away_team_country_id,away_team_country_name,competition_stage_id,competition_stage,stadium_id,stadium,stadium_country_id,stadium_country_name,referee_id,referee,referee_country_id,referee_country_name,home_managers,away_managers,home_manager_id,home_manager_name,home_manager_nickname,home_manager_dob,home_manager_country_id,home_manager_country_name,away_manager_id,away_manager_name,away_manager_nickname,away_manager_dob,away_manager_country_id,away_manager_country_name,data_version,shot_fidelity_version,xy_fidelity_version
3922240,2024-01-28,20:00:00.000,1,1,available,unscheduled,2026-05-02T14:23:45.490823,,4,1267,Africa,African Cup of Nations,Africa - African Cup of Nations,107,2023,774,Egypt,male,,66,Egypt,4881,Congo DR,male,,52,"Congo, (Kinshasa)",33,Round of 16,1001497,Stade Laurent Pokou,55,Côte d'Ivoire,2323,Abongile Tom,211,South Africa,Rui Carlos Pinho da Vitória,Sébastien Desabre,261,Rui Carlos Pinho da Vitória,Rui Vitória,1970-04-16,183,Portugal,5011,Sébastien Desabre,,1976-08-02,78,France,1.1.0,2,2
3920399,2024-01-19,14:00:00.000,3,0,available,unscheduled,2026-05-02T05:59:06.800066,,2,1267,Africa,African Cup of Nations,Africa - African Cup of Nations,107,2023,4924,Cape Verde Islands,male,,41,Cape Verde,4978,Mozambique,male,,155,Mozambique,10,Group Stage,117916,Stade Félix Houphouët-Boigny      ,55,Côte d'Ivoire,1003709,Samir Guezzaz,154,Morocco,Pedro Leitão Brito,Francisco Queriol Conde Júnior,1000417,Pedro Leitão Brito,Bubista,1970-01-06,41,Cape Verde,1001646,Francisco Queriol Conde Júnior,Chiquinho Conde,1965-11-22,155,Mozambique,1.1.0,2,2
3920413,2024-01-23,17:00:00.000,2,3,available,unscheduled,2026-05-02T05:58:38.856282,,3,1267,Africa,African Cup of Nations,Africa - African Cup of Nations,107,2023,4934,Gambia,male,,83,Gambia,2722,Cameroon,male,,39,Cameroon,10,Group Stage,1001316,Stade de Bouaké,55,Côte d'Ivoire,1000963,Bamlak Tessema Weyesa,72,Ethiopia,Tom Saintfiet,Rigobert Song Bahanag,1000972,Tom Saintfiet,,1973-03-29,22,Belgium,1001250,Rigobert Song Bahanag,,1976-07-01,39,Cameroon,1.1.0,2,2
3920400,2024-01-19,17:00:00.000,3,1,available,unscheduled,2026-05-02T05:58:12.096660,,2,1267,Africa,African Cup of Nations,Africa - African Cup of Nations,107,2023,787,Senegal,male,,202,Senegal,2722,Cameroon,male,,39,Cameroon,10,Group Stage,1000822,Stade Charles Konan Banny de Yamoussoukro,55,Côte d'Ivoire,1003531,Mahmood Ali Mahmood Ismail,216,Sudan,Aliou Cissé,Rigobert Song Bahanag,635,Aliou Cissé,,1976-03-24,202,Senegal,1001250,Rigobert Song Bahanag,,1976-07-01,39,Cameroon,1.1.0,2,2
3920409,2024-01-22,17:00:00.000,0,1,available,unscheduled,2026-05-02T05:57:00.296561,,3,1267,Africa,African Cup of Nations,Africa - African Cup of Nations,107,2023,4894,Guinea-Bissau,male,,96,Guinea-Bissau,775,Nigeria,male,,166,Nigeria,10,Group Stage,117916,Stade Félix Houphouët-Boigny      ,55,Côte d'Ivoire,1005493,Bouchra Karboubi,154,Morocco,Baciro Candé,José Vítor dos Santos Peseiro,1000429,Baciro Candé,,1967-04-06,96,Guinea-Bissau,523,José Vítor dos Santos Peseiro,José Peseiro,1960-04-04,183,Portugal,1.1.0,2,2
3920417,2024-01-24,17:00:00.000,0,0,available,unscheduled,2026-05-02T05:55:28.782913,,3,1267,Africa,African Cup of Nations,Africa - African Cup of Nations,107,2023,4980,Namibia,male,,157,Namibia,4930,Mali,male,,140,Mali,10,Group Stage,1001497,Stade Laurent Pokou,55,Côte d'Ivoire,1003479,Samuel Uwikunda,189,Rwanda,Collin Benjamin,Éric Chelle,1002931,Collin Benjamin,,1978-08-03,157,Namibia,1000157,Éric Chelle,,1977-11-11,140,Mali,1.1.0,2,2
3920395,2024-01-17,20:00:00.000,1,1,available,unscheduled,2026-05-02T05:53:48.946881,,1,1267,Africa,African Cup of Nations,Africa - African Cup of Nations,107,2023,4881,Congo DR,male,,52,"Congo, (Kinshasa)",4963,Zambia,male,,253,Zambia,10,Group Stage,1001497,Stade Laurent Pokou,55,Côte d'Ivoire,1000963,Bamlak Tessema Weyesa,72,Ethiopia,Sébastien Desabre,Avraham Grant,5011,Sébastien Desabre,,1976-08-02,78,France,4969,Avraham Grant,,1955-02-06,111,Israel,1.1.0,2,2
3920407,2024-01-21,20:00:00.000,4,0,available,unscheduled,2026-05-02T05:53:44.252368,,2,1267,Africa,African Cup of Nations,Africa - African Cup of Nations,107,2023,4976,South Africa,male,,211,South Africa,4980,Namibia,male,,157,Namibia,10,Group Stage,1001609,Stade Amadou Gon Coulibaly,55,Côte d'Ivoire,1008307,Youcef Gamouh,4,Algeria,Hugo Henri Broos,Collin Benjamin,1801,Hugo Henri Broos,,1952-04-10,22,Belgium,1002931,Collin Benjamin,,1978-08-03,157,Namibia,1.1.0,2,2
3920412,2024-01-23,17:00:00.000,0,2,available,unscheduled,2026-05-02T05:53:44.316177,,3,1267,Africa,African Cup of Nations,Africa - African Cup of Nations,107,2023,4892,Guinea,male,,95,Guinea,787,Senegal,male,,202,Senegal,10,Group Stage,1000822,Stade Charles Konan Banny de Yamoussoukro,55,Côte d'Ivoire,1003636,Pacifique Ndabihawenimana,37,Burundi,Kaba Diawara,Aliou Cissé,1000780,Kaba Diawara,,1975-12-16,95,Guinea,635,Aliou Cissé,,1976-03-24,202,Senegal,1.1.0,2,2
3920415,2024-01-23,20:00:00.000,1,0,available,unscheduled,2026-05-02T05:52:46.062182,,3,1267,Africa,African Cup of Nations,Africa - African Cup of Nations,107,2023,4932,Mauritania,male,,144,Mauritania,4898,Algeria,male,,4,Algeria,10,Group Stage,1001316,Stade de Bouaké,55,Côte d'Ivoire,1003731,Omar Abdulkadir Artan,210,Somalia,Amir Abdou,Djamel Belmadi,1000971,Amir Abdou,,1972-07-08,50,Comoros,1000440,Djamel Belmadi,,1976-03-25,4,Algeria,1.1.0,2,2
3920404,2024-01-20,20:00:00.000,1,1,available,unscheduled,2026-05-02T05:52:05.261629,,2,1267,Africa,African Cup of Nations,Africa - African Cup of Nations,107,2023,777,Tunisia,male,,232,Tunisia,4930,Mali,male,,140,Mali,10,Group Stage,1001609,Stade Amadou Gon Coulibaly,55,Côte d'Ivoire,1003605,Daniel Nii Ayi Laryea,86,Ghana,Jalel Kadri,Éric Chelle,1001303,Jalel Kadri,,,232,Tunisia,1000157,Éric Chelle,,1977-11-11,140,Mali,1.1.0,2,2
3920389,2024-01-15,17:00:00.000,1,1,available,unscheduled,2026-05-02T05:48:09.875766,,1,1267,Africa,African Cup of Nations,Africa - African Cup of Nations,107,2023,2722,Cameroon,male,,39,Cameroon,4892,Guinea,male,,95,Guinea,10,Group Stage,1000822,Stade Charles Konan Banny de Yamoussoukro,55,Côte d'Ivoire,1003537,Ibrahim Mutaz,130,Libya,Rigobert Song Bahanag,Kaba Diawara,1001250,Rigobert Song Bahanag,,1976-07-01,39,Cameroon,1000780,Kaba Diawara,,1975-12-16,95,Guinea,1.1.0,2,2
3920393,2024-01-16,17:00:00.000,0,1,available,unscheduled,2026-05-02T05:51:55.200021,,1,1267,Africa,African Cup of Nations,Africa - African Cup of Nations,107,2023,777,Tunisia,male,,232,Tunisia,4980,Namibia,male,,157,Namibia,10,Group Stage,1001609,Stade Amadou Gon Coulibaly,55,Côte d'Ivoire,1005200,Abdulkadir Artan,210,Somalia,Jalel Kadri,Collin Benjamin,1001303,Jalel Kadri,,,232,Tunisia,1002931,Collin Benjamin,,1978-08-03,157,Namibia,1.1.0,2,2
3920403,2024-01-20,17:00:00.000,2,3,available,unscheduled,2026-05-02T05:59:58.227373,,2,1267,Africa,African Cup of Nations,Africa - African Cup of Nations,107,2023,4932,Mauritania,male,,144,Mauritania,4901,Angola,male,,7,Angola,10,Group Stage,1001316,Stade de Bouaké,55,Côte d'Ivoire,2688,Mohamed Maarouf Eid Mansour,66,Egypt,Amir Abdou,Pedro Valdemar Soares Gonçalves,1000971,Amir Abdou,,1972-07-08,50,Comoros,1000419,Pedro Valdemar Soares Gonçalves,Pedro Gonçalves,1976-02-07,183,Portugal,1.1.0,2,2
3920394,2024-01-17,17:00:00.000,3,0,available,unscheduled,2026-05-02T05:54:46.548766,,1,1267,Africa,African Cup of Nations,Africa - African Cup of Nations,107,2023,788,Morocco,male,,154,Morocco,4953,Tanzania,male,,225,"Tanzania, United Republic of",10,Group Stage,1001497,Stade Laurent Pokou,55,Côte d'Ivoire,1008353,Alhadi Allaou Mahamat,44,Chad,Walid Regragui,Adel Amrouche,1000518,Walid Regragui,,1975-09-23,154,Morocco,1001640,Adel Amrouche,,1968-03-07,22,Belgium,1.1.0,2,2
3920402,2024-01-20,14:00:00.000,2,2,available,unscheduled,2026-05-02T05:52:49.738082,,2,1267,Africa,African Cup of Nations,Africa - African Cup of Nations,107,2023,4898,Algeria,male,,4,Algeria,4921,Burkina Faso,male,,36,Burkina Faso,10,Group Stage,1001316,Stade de Bouaké,55,Côte d'Ivoire,2323,Abongile Tom,211,South Africa,Djamel Belmadi,Hubert Velud,1000440,Djamel Belmadi,,1976-03-25,4,Algeria,1000428,Hubert Velud,,1959-06-08,78,France,1.1.0,2,2
3920414,2024-01-23,20:00:00.000,2,0,available,unscheduled,2026-05-02T05:59:28.199337,,3,1267,Africa,African Cup of Nations,Africa - African Cup of Nations,107,2023,4901,Angola,male,,7,Angola,4921,Burkina Faso,male,,36,Burkina Faso,10,Group Stage,1000822,Stade Charles Konan Banny de Yamoussoukro,55,Côte d'Ivoire,2591,Jean Jacques Ndala Ngambo,52,"Congo, (Kinshasa)",Pedro Valdemar Soares Gonçalves,Hubert Velud,1000419,Pedro Valdemar Soares Gonçalves,Pedro Gonçalves,1976-02-07,183,Portugal,1000428,Hubert Velud,,1959-06-08,78,France,1.1.0,2,2
3920405,2024-01-21,14:00:00.000,1,1,available,unscheduled,2026-05-02T05:55:21.424403,,2,1267,Africa,African Cup of Nations,Africa - African Cup of Nations,107,2023,788,Morocco,male,,154,Morocco,4881,Congo DR,male,,52,"Congo, (Kinshasa)",10,Group Stage,1001497,Stade Laurent Pokou,55,Côte d'Ivoire,1003468,Peter Waweru Kamaku,118,Kenya,Walid Regragui,Sébastien Desabre,1000518,Walid Regragui,,1975-09-23,154,Morocco,5011,Sébastien Desabre,,1976-08-02,78,France,1.1.0,2,2
3920416,2024-01-24,17:00:00.000,0,0,available,unscheduled,2026-05-02T05:54:42.238963,,3,1267,Africa,African Cup of Nations,Africa - African Cup of Nations,107,2023,4976,South Africa,male,,211,South Africa,777,Tunisia,male,,232,Tunisia,10,Group Stage,1001609,Stade Amadou Gon Coulibaly,55,Côte d'Ivoire,1003564,Issa Sy,202,Senegal,Hugo Henri Broos,Jalel Kadri,1801,Hugo Henri Broos,,1952-04-10,22,Belgium,1001303,Jalel Kadri,,,232,Tunisia,1.1.0,2,2
3922658,2024-02-03,20:00:00.000,0,0,available,unscheduled,2026-05-02T02:04:15.076948,,5,1267,Africa,African Cup of Nations,Africa - African Cup of Nations,107,2023,4924,Cape Verde Islands,male,,41,Cape Verde,4976,South Africa,male,,211,South Africa,11,Quarter-finals,1000822,Stade Charles Konan Banny de Yamoussoukro,55,Côte d'Ivoire,2591,Jean Jacques Ndala Ngambo,52,"Congo, (Kinshasa)",Pedro Leitão Brito,Hugo Henri Broos,1000417,Pedro Leitão Brito,Bubista,1970-01-06,41,Cape Verde,1801,Hugo Henri Broos,,1952-04-10,22,Belgium,1.1.0,2,2
3920386,2024-01-14,14:00:00.000,1,1,available,unscheduled,2026-05-02T05:47:21.958847,,1,1267,Africa,African Cup of Nations,Africa - African Cup of Nations,107,2023,775,Nigeria,male,,166,Nigeria,4992,Equatorial Guinea,male,,69,Equatorial Guinea,10,Group Stage,117860,Stade Olympique Alassane Ouattara,55,Côte d'Ivoire,2323,Abongile Tom,211,South Africa,José Vítor dos Santos Peseiro,Juan Micha Obiang Bicogo,523,José Vítor dos Santos Peseiro,José Peseiro,1960-04-04,183,Portugal,1000467,Juan Micha Obiang Bicogo,Juan Micha,1975-07-28,69,Equatorial Guinea,1.1.0,2,2
3920408,2024-01-22,17:00:00.000,4,0,available,unscheduled,2026-01-11T17:14:45.479345,,3,1267,Africa,African Cup of Nations,Africa - African Cup of Nations,107,2023,4992,Equatorial Guinea,male,,69,Equatorial Guinea,3374,Côte d'Ivoire,male,,55,Côte d'Ivoire,10,Group Stage,117860,Stade Olympique Alassane Ouattara,55,Côte d'Ivoire,1003531,Mahmood Ali Mahmood Ismail,216,Sudan,Juan Micha Obiang Bicogo,Jean-Louis Gasset,1000467,Juan Micha Obiang Bicogo,Juan Micha,1975-07-28,69,Equatorial Guinea,368,Jean-Louis Gasset,,1953-12-09,78,France,1.1.0,2,2
3920397,2024-01-18,14:00:00.000,4,2,available,unscheduled,2026-05-02T05:55:36.901610,,2,1267,Africa,African Cup of Nations,Africa - African Cup of Nations,107,2023,4992,Equatorial Guinea,male,,69,Equatorial Guinea,4894,Guinea-Bissau,male,,96,Guinea-Bissau,10,Group Stage,117860,Stade Olympique Alassane Ouattara,55,Côte d'Ivoire,1003479,Samuel Uwikunda,189,Rwanda,Juan Micha Obiang Bicogo,Baciro Candé,1000467,Juan Micha Obiang Bicogo,Juan Micha,1975-07-28,69,Equatorial Guinea,1000429,Baciro Candé,,1967-04-06,96,Guinea-Bissau,1.1.0,2,2
3920410,2024-01-22,20:00:00.000,2,2,available,unscheduled,2026-05-12T21:18:08.827431,,3,1267,Africa,African Cup of Nations,Africa - African Cup of Nations,107,2023,4978,Mozambique,male,,155,Mozambique,4885,Ghana,male,,86,Ghana,10,Group Stage,117860,Stade Olympique Alassane Ouattara,55,Côte d'Ivoire,1003537,Ibrahim Mutaz,130,Libya,Francisco Queriol Conde Júnior,Chris Hughton,1001646,Francisco Queriol Conde Júnior,Chiquinho Conde,1965-11-22,155,Mozambique,395,Chris Hughton,,1958-12-11,109,Ireland,1.1.0,2,2
3923881,2024-02-11,20:00:00.000,1,2,available,unscheduled,2026-05-02T01:57:22.880456,,8,1267,Africa,African Cup of Nations,Africa - African Cup of Nations,107,2023,775,Nigeria,male,,166,Nigeria,3374,Côte d'Ivoire,male,,55,Côte d'Ivoire,26,Final,117860,Stade Olympique Alassane Ouattara,55,Côte d'Ivoire,1003587,Dahane Beida,144,Mauritania,José Vítor dos Santos Peseiro,Emerse Faé,523,José Vítor dos Santos Peseiro,José Peseiro,1960-04-04,183,Portugal,1868,Emerse Faé,,1984-01-24,55,Côte d'Ivoire,1.1.0,2,2
3923880,2024-02-10,20:00:00.000,0,0,available,available,2026-05-02T02:06:23.996186,2026-05-02T02:07:18.902396,7,1267,Africa,African Cup of Nations,Africa - African Cup of Nations,107,2023,4976,South Africa,male,,211,South Africa,4881,Congo DR,male,,52,"Congo, (Kinshasa)",25,3rd Place Final,117916,Stade Félix Houphouët-Boigny      ,55,Côte d'Ivoire,1000963,Bamlak Tessema Weyesa,72,Ethiopia,Hugo Henri Broos,Sébastien Desabre,1801,Hugo Henri Broos,,1952-04-10,22,Belgium,5011,Sébastien Desabre,,1976-08-02,78,France,1.1.0,2,2
3922838,2024-02-07,22:00:00.000,1,0,available,unscheduled,2024-02-13T15:29:15.994740,,6,1267,Africa,African Cup of Nations,Africa - African Cup of Nations,107,2023,3374,Côte d'Ivoire,male,,55,Côte d'Ivoire,4881,Congo DR,male,,52,"Congo, (Kinshasa)",15,Semi-finals,117860,Stade Olympique Alassane Ouattara,55,Côte d'Ivoire,1003537,Ibrahim Mutaz,130,Libya,Emerse Faé,Sébastien Desabre,1868,Emerse Faé,,1984-01-24,55,Côte d'Ivoire,5011,Sébastien Desabre,,1976-08-02,78,France,1.1.0,2,2
3922837,2024-02-07,17:00:00.000,1,1,available,unscheduled,2026-05-02T02:05:23.826134,,6,1267,Africa,African Cup of Nations,Africa - African Cup of Nations,107,2023,775,Nigeria,male,,166,Nigeria,4976,South Africa,male,,211,South Africa,15,Semi-finals,1001316,Stade de Bouaké,55,Côte d'Ivoire,2387,Amin Mohamed Omar,66,Egypt,José Vítor dos Santos Peseiro,Hugo Henri Broos,523,José Vítor dos Santos Peseiro,José Peseiro,1960-04-04,183,Portugal,1801,Hugo Henri Broos,,1952-04-10,22,Belgium,1.1.0,2,2
3922242,2024-01-29,20:00:00.000,1,1,available,unscheduled,2026-05-02T01:59:01.541948,,4,1267,Africa,African Cup of Nations,Africa - African Cup of Nations,107,2023,787,Senegal,male,,202,Senegal,3374,Côte d'Ivoire,male,,55,Côte d'Ivoire,33,Round of 16,1000822,Stade Charles Konan Banny de Yamoussoukro,55,Côte d'Ivoire,1003708,Pierre Ghislain Atcho,82,Gabon,Aliou Cissé,Emerse Faé,635,Aliou Cissé,,1976-03-24,202,Senegal,1868,Emerse Faé,,1984-01-24,55,Côte d'Ivoire,1.1.0,2,2
3922239,2024-01-28,17:00:00.000,0,1,available,unscheduled,2026-05-02T14:24:36.229512,,4,1267,Africa,African Cup of Nations,Africa - African Cup of Nations,107,2023,4992,Equatorial Guinea,male,,69,Equatorial Guinea,4892,Guinea,male,,95,Guinea,33,Round of 16,117860,Stade Olympique Alassane Ouattara,55,Côte d'Ivoire,1003731,Omar Abdulkadir Artan,210,Somalia,Juan Micha Obiang Bicogo,Kaba Diawara,1000467,Juan Micha Obiang Bicogo,Juan Micha,1975-07-28,69,Equatorial Guinea,1000780,Kaba Diawara,,1975-12-16,95,Guinea,1.1.0,2,2
3922659,2024-02-03,17:00:00.000,1,2,available,unscheduled,2026-05-02T02:03:04.475633,,5,1267,Africa,African Cup of Nations,Africa - African Cup of Nations,107,2023,4930,Mali,male,,140,Mali,3374,Côte d'Ivoire,male,,55,Côte d'Ivoire,11,Quarter-finals,1001316,Stade de Bouaké,55,Côte d'Ivoire,2618,Mohamed Adel Elsaid,66,Egypt,Éric Chelle,Emerse Faé,1000157,Éric Chelle,,1977-11-11,140,Mali,1868,Emerse Faé,,1984-01-24,55,Côte d'Ivoire,1.1.0,2,2
3922244,2024-01-30,17:00:00.000,2,1,available,unscheduled,2026-05-02T14:26:29.856507,,4,1267,Africa,African Cup of Nations,Africa - African Cup of Nations,107,2023,4930,Mali,male,,140,Mali,4921,Burkina Faso,male,,36,Burkina Faso,33,Round of 16,1001609,Stade Amadou Gon Coulibaly,55,Côte d'Ivoire,1003537,Ibrahim Mutaz,130,Libya,Éric Chelle,Hubert Velud,1000157,Éric Chelle,,1977-11-11,140,Mali,1000428,Hubert Velud,,1959-06-08,78,France,1.1.0,2,2
3922356,2024-02-02,20:00:00.000,3,1,available,unscheduled,2026-05-02T02:01:49.622695,,5,1267,Africa,African Cup of Nations,Africa - African Cup of Nations,107,2023,4881,Congo DR,male,,52,"Congo, (Kinshasa)",4892,Guinea,male,,95,Guinea,11,Quarter-finals,117860,Stade Olympique Alassane Ouattara,55,Côte d'Ivoire,2311,Mustapha Ghorbal,4,Algeria,Sébastien Desabre,Kaba Diawara,5011,Sébastien Desabre,,1976-08-02,78,France,1000780,Kaba Diawara,,1975-12-16,95,Guinea,1.1.0,2,2
3922321,2024-02-02,17:00:00.000,1,0,available,unscheduled,2026-05-02T02:00:56.035988,,5,1267,Africa,African Cup of Nations,Africa - African Cup of Nations,107,2023,775,Nigeria,male,,166,Nigeria,4901,Angola,male,,7,Angola,11,Quarter-finals,117916,Stade Félix Houphouët-Boigny      ,55,Côte d'Ivoire,1003564,Issa Sy,202,Senegal,José Vítor dos Santos Peseiro,Pedro Valdemar Soares Gonçalves,523,José Vítor dos Santos Peseiro,José Peseiro,1960-04-04,183,Portugal,1000419,Pedro Valdemar Soares Gonçalves,Pedro Gonçalves,1976-02-07,183,Portugal,1.1.0,2,2
3922237,2024-01-27,17:00:00.000,3,0,available,unscheduled,2026-05-02T01:57:48.102349,,4,1267,Africa,African Cup of Nations,Africa - African Cup of Nations,107,2023,4901,Angola,male,,7,Angola,4980,Namibia,male,,157,Namibia,33,Round of 16,1001316,Stade de Bouaké,55,Côte d'Ivoire,1003587,Dahane Beida,144,Mauritania,Pedro Valdemar Soares Gonçalves,Collin Benjamin,1000419,Pedro Valdemar Soares Gonçalves,Pedro Gonçalves,1976-02-07,183,Portugal,1002931,Collin Benjamin,,1978-08-03,157,Namibia,1.1.0,2,2
3922243,2024-01-30,20:00:00.000,0,2,available,unscheduled,2026-05-02T01:59:57.635438,,4,1267,Africa,African Cup of Nations,Africa - African Cup of Nations,107,2023,788,Morocco,male,,154,Morocco,4976,South Africa,male,,211,South Africa,33,Round of 16,1001497,Stade Laurent Pokou,55,Côte d'Ivoire,1003531,Mahmood Ali Mahmood Ismail,216,Sudan,Walid Regragui,Hugo Henri Broos,1000518,Walid Regragui,,1975-09-23,154,Morocco,1801,Hugo Henri Broos,,1952-04-10,22,Belgium,1.1.0,2,2
3922241,2024-01-29,17:00:00.000,1,0,available,unscheduled,2026-05-02T14:25:32.600267,,4,1267,Africa,African Cup of Nations,Africa - African Cup of Nations,107,2023,4924,Cape Verde Islands,male,,41,Cape Verde,4932,Mauritania,male,,144,Mauritania,33,Round of 16,117916,Stade Félix Houphouët-Boigny      ,55,Côte d'Ivoire,2618,Mohamed Adel Elsaid,66,Egypt,Pedro Leitão Brito,Amir Abdou,1000417,Pedro Leitão Brito,Bubista,1970-01-06,41,Cape Verde,1000971,Amir Abdou,,1972-07-08,50,Comoros,1.1.0,2,2
3922238,2024-01-27,20:00:00.000,2,0,available,unscheduled,2026-05-02T14:22:39.738322,,4,1267,Africa,African Cup of Nations,Africa - African Cup of Nations,107,2023,775,Nigeria,male,,166,Nigeria,2722,Cameroon,male,,39,Cameroon,33,Round of 16,117916,Stade Félix Houphouët-Boigny      ,55,Côte d'Ivoire,2396,Redouane Jiyed,154,Morocco,José Vítor dos Santos Peseiro,Rigobert Song Bahanag,523,José Vítor dos Santos Peseiro,José Peseiro,1960-04-04,183,Portugal,1001250,Rigobert Song Bahanag,,1976-07-01,39,Cameroon,1.1.0,2,2
3920396,2024-01-18,20:00:00.000,2,2,available,unscheduled,2026-05-02T05:56:31.061203,,2,1267,Africa,African Cup of Nations,Africa - African Cup of Nations,107,2023,774,Egypt,male,,66,Egypt,4885,Ghana,male,,86,Ghana,10,Group Stage,117916,Stade Félix Houphouët-Boigny      ,55,Côte d'Ivoire,1003708,Pierre Ghislain Atcho,82,Gabon,Rui Carlos Pinho da Vitória,Chris Hughton,261,Rui Carlos Pinho da Vitória,Rui Vitória,1970-04-16,183,Portugal,395,Chris Hughton,,1958-12-11,109,Ireland,1.1.0,2,2
3920385,2024-01-14,17:00:00.000,2,2,available,unscheduled,2026-05-02T05:45:40.421570,,1,1267,Africa,African Cup of Nations,Africa - African Cup of Nations,107,2023,774,Egypt,male,,66,Egypt,4978,Mozambique,male,,155,Mozambique,10,Group Stage,117916,Stade Félix Houphouët-Boigny      ,55,Côte d'Ivoire,1003587,Dahane Beida,144,Mauritania,Rui Carlos Pinho da Vitória,Francisco Queriol Conde Júnior,261,Rui Carlos Pinho da Vitória,Rui Vitória,1970-04-16,183,Portugal,1001646,Francisco Queriol Conde Júnior,Chiquinho Conde,1965-11-22,155,Mozambique,1.1.0,2,2
3920387,2024-01-14,20:00:00.000,1,2,available,unscheduled,2026-05-02T05:46:31.806178,,1,1267,Africa,African Cup of Nations,Africa - African Cup of Nations,107,2023,4885,Ghana,male,,86,Ghana,4924,Cape Verde Islands,male,,41,Cape Verde,10,Group Stage,117916,Stade Félix Houphouët-Boigny      ,55,Côte d'Ivoire,2591,Jean Jacques Ndala Ngambo,52,"Congo, (Kinshasa)",Chris Hughton,Pedro Leitão Brito,395,Chris Hughton,,1958-12-11,109,Ireland,1000417,Pedro Leitão Brito,Bubista,1970-01-06,41,Cape Verde,1.1.0,2,2
3920419,2024-01-24,20:00:00.000,0,1,available,unscheduled,2026-05-02T14:01:26.644144,,3,1267,Africa,African Cup of Nations,Africa - African Cup of Nations,107,2023,4963,Zambia,male,,253,Zambia,788,Morocco,male,,154,Morocco,10,Group Stage,1001497,Stade Laurent Pokou,55,Côte d'Ivoire,1006318,Patrice Tanguy Mebiame,82,Gabon,Avraham Grant,Walid Regragui,4969,Avraham Grant,,1955-02-06,111,Israel,1000518,Walid Regragui,,1975-09-23,154,Morocco,1.1.0,2,2
3920418,2024-01-24,20:00:00.000,0,0,available,unscheduled,2026-05-02T05:56:25.673150,,3,1267,Africa,African Cup of Nations,Africa - African Cup of Nations,107,2023,4953,Tanzania,male,,225,"Tanzania, United Republic of",4881,Congo DR,male,,52,"Congo, (Kinshasa)",10,Group Stage,1001609,Stade Amadou Gon Coulibaly,55,Côte d'Ivoire,2387,Amin Mohamed Omar,66,Egypt,Hemed Suleiman Ali,Sébastien Desabre,1004249,Hemed Suleiman Ali,Hemed Ali,1970-08-04,225,"Tanzania, United Republic of",5011,Sébastien Desabre,,1976-08-02,78,France,1.1.0,2,2
3920411,2024-01-22,20:00:00.000,2,2,available,unscheduled,2026-05-02T05:57:52.322844,,3,1267,Africa,African Cup of Nations,Africa - African Cup of Nations,107,2023,4924,Cape Verde Islands,male,,41,Cape Verde,774,Egypt,male,,66,Egypt,10,Group Stage,117916,Stade Félix Houphouët-Boigny      ,55,Côte d'Ivoire,1008353,Alhadi Allaou Mahamat,44,Chad,Pedro Leitão Brito,Rui Carlos Pinho da Vitória,1000417,Pedro Leitão Brito,Bubista,1970-01-06,41,Cape Verde,261,Rui Carlos Pinho da Vitória,Rui Vitória,1970-04-16,183,Portugal,1.1.0,2,2
3920406,2024-01-21,17:00:00.000,1,1,available,unscheduled,2026-05-02T05:54:35.319654,,2,1267,Africa,African Cup of Nations,Africa - African Cup of Nations,107,2023,4963,Zambia,male,,253,Zambia,4953,Tanzania,male,,225,"Tanzania, United Republic of",10,Group Stage,1001497,Stade Laurent Pokou,55,Côte d'Ivoire,1004609,Djindo Louis Houngnandande,24,Benin,Avraham Grant,Adel Amrouche,4969,Avraham Grant,,1955-02-06,111,Israel,1001640,Adel Amrouche,,1968-03-07,22,Belgium,1.1.0,2,2
3920401,2024-01-19,20:00:00.000,1,0,available,unscheduled,2026-05-02T05:57:22.352825,,2,1267,Africa,African Cup of Nations,Africa - African Cup of Nations,107,2023,4892,Guinea,male,,95,Guinea,4934,Gambia,male,,83,Gambia,10,Group Stage,1000822,Stade Charles Konan Banny de Yamoussoukro,55,Côte d'Ivoire,1003590,Abdel Aziz Mohamed Bouh,144,Mauritania,Kaba Diawara,Tom Saintfiet,1000780,Kaba Diawara,,1975-12-16,95,Guinea,1000972,Tom Saintfiet,,1973-03-29,22,Belgium,1.1.0,2,2
3920398,2024-01-18,19:00:00.000,0,1,available,unscheduled,2024-02-10T15:39:30.828369,,2,1267,Africa,African Cup of Nations,Africa - African Cup of Nations,107,2023,3374,Côte d'Ivoire,male,,55,Côte d'Ivoire,775,Nigeria,male,,166,Nigeria,10,Group Stage,117860,Stade Olympique Alassane Ouattara,55,Côte d'Ivoire,2311,Mustapha Ghorbal,4,Algeria,Jean-Louis Gasset,José Vítor dos Santos Peseiro,368,Jean-Louis Gasset,,1953-12-09,78,France,523,José Vítor dos Santos Peseiro,José Peseiro,1960-04-04,183,Portugal,1.1.0,2,2
3920392,2024-01-16,14:00:00.000,1,0,available,unscheduled,2026-05-02T05:50:53.445278,,1,1267,Africa,African Cup of Nations,Africa - African Cup of Nations,107,2023,4921,Burkina Faso,male,,36,Burkina Faso,4932,Mauritania,male,,144,Mauritania,10,Group Stage,1001316,Stade de Bouaké,55,Côte d'Ivoire,1003509,Jalal Jayed,154,Morocco,Hubert Velud,Amir Abdou,1000428,Hubert Velud,,1959-06-08,78,France,1000971,Amir Abdou,,1972-07-08,50,Comoros,1.1.0,2,2
3920391,2024-01-16,20:00:00.000,2,0,available,unscheduled,2026-05-02T05:52:56.492397,,1,1267,Africa,African Cup of Nations,Africa - African Cup of Nations,107,2023,4930,Mali,male,,140,Mali,4976,South Africa,male,,211,South Africa,10,Group Stage,1001609,Stade Amadou Gon Coulibaly,55,Côte d'Ivoire,1010256,Mohamed Adel Hussein,66,Egypt,Éric Chelle,Hugo Henri Broos,1000157,Éric Chelle,,1977-11-11,140,Mali,1801,Hugo Henri Broos,,1952-04-10,22,Belgium,1.1.0,2,2
3920390,2024-01-15,20:00:00.000,1,1,available,unscheduled,2026-05-02T05:49:59.122726,,1,1267,Africa,African Cup of Nations,Africa - African Cup of Nations,107,2023,4898,Algeria,male,,4,Algeria,4901,Angola,male,,7,Angola,10,Group Stage,1001316,Stade de Bouaké,55,Côte d'Ivoire,1003564,Issa Sy,202,Senegal,Djamel Belmadi,Pedro Valdemar Soares Gonçalves,1000440,Djamel Belmadi,,1976-03-25,4,Algeria,1000419,Pedro Valdemar Soares Gonçalves,Pedro Gonçalves,1976-02-07,183,Portugal,1.1.0,2,2
3920388,2024-01-15,14:00:00.000,3,0,available,unscheduled,2026-05-02T05:49:05.017814,,1,1267,Africa,African Cup of Nations,Africa - African Cup of Nations,107,2023,787,Senegal,male,,202,Senegal,4934,Gambia,male,,83,Gambia,10,Group Stage,1000822,Stade Charles Konan Banny de Yamoussoukro,55,Côte d'Ivoire,2396,Redouane Jiyed,154,Morocco,Aliou Cissé,Tom Saintfiet,635,Aliou Cissé,,1976-03-24,202,Senegal,1000972,Tom Saintfiet,,1973-03-29,22,Belgium,1.1.0,2,2
3920384,2024-01-13,22:00:00.000,2,0,available,unscheduled,2024-02-09T16:53:45.011531,,1,1267,Africa,African Cup of Nations,Africa - African Cup of Nations,107,2023,3374,Côte d'Ivoire,male,,55,Côte d'Ivoire,4894,Guinea-Bissau,male,,96,Guinea-Bissau,10,Group Stage,117860,Stade Olympique Alassane Ouattara,55,Côte d'Ivoire,2387,Amin Mohamed Omar,66,Egypt,Jean-Louis Gasset,Baciro Candé,368,Jean-Louis Gasset,,1953-12-09,78,France,1000429,Baciro Candé,,1967-04-06,96,Guinea-Bissau,1.1.0,2,2
